{"results":[{"filePath":"images/32x32.png","success":true},{"filePath":"images/16x16.png","success":true},{"filePath":"/favicon.ico","success":false,"error":{"methodName":"constructor"}},{"filePath":"next-steps.html","success":true},{"filePath":"manifest.json","success":true},{"filePath":"pwabuilder-sw/pwabuilder-sw-register.js","success":true},{"filePath":"pwabuilder-sw/pwabuilder-sw.js","success":true}],"errors":[{"filePath":"/favicon.ico","success":false,"error":{"methodName":"constructor"}}]}