{"results":[{"filePath":"/favicon.ico","success":false,"error":{"methodName":"constructor"}},{"filePath":"images/71x71.png","success":true},{"filePath":"images/89x89.png","success":true},{"filePath":"images/107x107.png","success":true},{"filePath":"images/142x142.png","success":true},{"filePath":"images/284x284.png","success":true},{"filePath":"images/150x150.png","success":true},{"filePath":"images/188x188.png","success":true},{"filePath":"images/225x225.png","success":true},{"filePath":"images/300x300.png","success":true},{"filePath":"images/600x600.png","success":true},{"filePath":"images/310x150.png","success":true},{"filePath":"images/388x188.png","success":true},{"filePath":"images/465x225.png","success":true},{"filePath":"images/620x300.png","success":true},{"filePath":"images/1240x600.png","success":true},{"filePath":"images/310x310.png","success":true},{"filePath":"images/388x388.png","success":true},{"filePath":"images/465x465.png","success":true},{"filePath":"images/620x620.png","success":true},{"filePath":"images/1240x1240.png","success":true},{"filePath":"images/44x44.png","success":true},{"filePath":"images/55x55.png","success":true},{"filePath":"images/66x66.png","success":true},{"filePath":"images/88x88.png","success":true},{"filePath":"images/176x176.png","success":true},{"filePath":"images/50x50.png","success":true},{"filePath":"images/63x63.png","success":true},{"filePath":"images/75x75.png","success":true},{"filePath":"images/100x100.png","success":true},{"filePath":"images/200x200.png","success":true},{"filePath":"images/620x300.png","success":true},{"filePath":"images/775x375.png","success":true},{"filePath":"images/930x450.png","success":true},{"filePath":"images/1240x600.png","success":true},{"filePath":"images/2480x1200.png","success":true},{"filePath":"images/16x16.png","success":true},{"filePath":"images/20x20.png","success":true},{"filePath":"images/24x24.png","success":true},{"filePath":"images/30x30.png","success":true},{"filePath":"images/32x32.png","success":true},{"filePath":"images/36x36.png","success":true},{"filePath":"images/40x40.png","success":true},{"filePath":"images/44x44.png","success":true},{"filePath":"images/48x48.png","success":true},{"filePath":"images/60x60.png","success":true},{"filePath":"images/64x64.png","success":true},{"filePath":"images/72x72.png","success":true},{"filePath":"images/80x80.png","success":true},{"filePath":"images/96x96.png","success":true},{"filePath":"images/256x256.png","success":true},{"filePath":"images/16x16.png","success":true},{"filePath":"images/20x20.png","success":true},{"filePath":"images/24x24.png","success":true},{"filePath":"images/30x30.png","success":true},{"filePath":"images/32x32.png","success":true},{"filePath":"images/36x36.png","success":true},{"filePath":"images/40x40.png","success":true},{"filePath":"images/44x44.png","success":true},{"filePath":"images/48x48.png","success":true},{"filePath":"images/60x60.png","success":true},{"filePath":"images/64x64.png","success":true},{"filePath":"images/72x72.png","success":true},{"filePath":"images/80x80.png","success":true},{"filePath":"images/96x96.png","success":true},{"filePath":"images/256x256.png","success":true},{"filePath":"images/16x16.png","success":true},{"filePath":"images/20x20.png","success":true},{"filePath":"images/24x24.png","success":true},{"filePath":"images/30x30.png","success":true},{"filePath":"images/32x32.png","success":true},{"filePath":"images/36x36.png","success":true},{"filePath":"images/40x40.png","success":true},{"filePath":"images/44x44.png","success":true},{"filePath":"images/48x48.png","success":true},{"filePath":"images/60x60.png","success":true},{"filePath":"images/64x64.png","success":true},{"filePath":"images/72x72.png","success":true},{"filePath":"images/80x80.png","success":true},{"filePath":"images/96x96.png","success":true},{"filePath":"images/256x256.png","success":true},{"filePath":"images/512x512.png","success":true},{"filePath":"images/192x192.png","success":true},{"filePath":"images/144x144.png","success":true},{"filePath":"images/96x96.png","success":true},{"filePath":"images/72x72.png","success":true},{"filePath":"images/48x48.png","success":true},{"filePath":"images/16x16.png","success":true},{"filePath":"images/20x20.png","success":true},{"filePath":"images/29x29.png","success":true},{"filePath":"images/32x32.png","success":true},{"filePath":"images/40x40.png","success":true},{"filePath":"images/50x50.png","success":true},{"filePath":"images/57x57.png","success":true},{"filePath":"images/58x58.png","success":true},{"filePath":"images/60x60.png","success":true},{"filePath":"images/64x64.png","success":true},{"filePath":"images/72x72.png","success":true},{"filePath":"images/76x76.png","success":true},{"filePath":"images/80x80.png","success":true},{"filePath":"images/87x87.png","success":true},{"filePath":"images/100x100.png","success":true},{"filePath":"images/114x114.png","success":true},{"filePath":"images/120x120.png","success":true},{"filePath":"images/128x128.png","success":true},{"filePath":"images/144x144.png","success":true},{"filePath":"images/152x152.png","success":true},{"filePath":"images/167x167.png","success":true},{"filePath":"images/180x180.png","success":true},{"filePath":"images/192x192.png","success":true},{"filePath":"images/256x256.png","success":true},{"filePath":"images/512x512.png","success":true},{"filePath":"images/1024x1024.png","success":true},{"filePath":"next-steps.html","success":true},{"filePath":"manifest.json","success":true},{"filePath":"pwabuilder-sw/pwabuilder-sw-register.js","success":true},{"filePath":"pwabuilder-sw/pwabuilder-sw.js","success":true}],"errors":[{"filePath":"/favicon.ico","success":false,"error":{"methodName":"constructor"}}]}